,Month,Sex,State,COVID-19 Deaths,Pneumonia Deaths,Influenza Deaths,Total Deaths
0,01-2020,All Sexes,Alabama,14718.0,11411.0,202.0,144885.0
1,01-2020,All Sexes,Alaska,411.0,422.0,0.0,11787.0
2,01-2020,All Sexes,Arizona,20871.0,20423.0,205.0,174985.0
3,01-2020,All Sexes,Arkansas,8616.0,8384.0,118.0,86047.0
4,01-2020,All Sexes,California,75804.0,82577.0,1828.0,726226.0
5,01-2020,All Sexes,Colorado,10792.0,9832.0,217.0,108250.0
6,01-2020,All Sexes,Connecticut,13194.0,6629.0,106.0,84351.0
7,01-2020,All Sexes,Delaware,2213.0,1790.0,10.0,24466.0
8,01-2020,All Sexes,District of Columbia,2093.0,2884.0,0.0,17691.0
9,01-2020,All Sexes,Florida,47481.0,55506.0,950.0,545259.0
10,01-2020,All Sexes,Georgia,23168.0,21309.0,322.0,238416.0
11,01-2020,All Sexes,Hawaii,674.0,1575.0,11.0,26698.0
12,01-2020,All Sexes,Idaho,3145.0,2497.0,23.0,36600.0
13,01-2020,All Sexes,Illinois,36331.0,31330.0,402.0,289435.0
14,01-2020,All Sexes,Indiana,20728.0,19250.0,291.0,178806.0
15,01-2020,All Sexes,Iowa,9963.0,7068.0,143.0,78528.0
16,01-2020,All Sexes,Kansas,7334.0,6167.0,170.0,69493.0
17,01-2020,All Sexes,Kentucky,9742.0,13002.0,236.0,128115.0
18,01-2020,All Sexes,Louisiana,15514.0,12543.0,91.0,131005.0
19,01-2020,All Sexes,Maine,841.0,2015.0,24.0,34536.0
20,01-2020,All Sexes,Maryland,14582.0,12586.0,188.0,135208.0
21,01-2020,All Sexes,Massachusetts,21308.0,15881.0,364.0,152148.0
22,01-2020,All Sexes,Michigan,26590.0,25250.0,519.0,259281.0
23,01-2020,All Sexes,Minnesota,12121.0,9579.0,214.0,115356.0
24,01-2020,All Sexes,Mississippi,11376.0,11185.0,58.0,90520.0
25,01-2020,All Sexes,Missouri,17074.0,14547.0,368.0,172536.0
26,01-2020,All Sexes,Montana,2620.0,2137.0,30.0,26698.0
27,01-2020,All Sexes,Nebraska,4669.0,4058.0,42.0,43654.0
28,01-2020,All Sexes,Nevada,7788.0,9601.0,52.0,71725.0
29,01-2020,All Sexes,New Hampshire,1593.0,1571.0,26.0,29712.0
30,01-2020,All Sexes,New Jersey,39912.0,29038.0,219.0,212854.0
31,01-2020,All Sexes,New Mexico,6393.0,5577.0,67.0,53178.0
32,01-2020,All Sexes,New York,34900.0,32244.0,510.0,263887.0
33,01-2020,All Sexes,New York City,50155.0,28725.0,2326.0,186229.0
34,01-2020,All Sexes,North Carolina,18969.0,21060.0,555.0,250209.0
35,01-2020,All Sexes,North Dakota,2986.0,2499.0,12.0,19575.0
36,01-2020,All Sexes,Ohio,31913.0,27537.0,593.0,324109.0
37,01-2020,All Sexes,Oklahoma,11318.0,11085.0,218.0,105448.0
38,01-2020,All Sexes,Oregon,3338.0,4330.0,94.0,89690.0
39,01-2020,All Sexes,Pennsylvania,38892.0,29158.0,642.0,348012.0
40,01-2020,All Sexes,Puerto Rico,3490.0,9543.0,70.0,71828.0
41,01-2020,All Sexes,Rhode Island,3875.0,2579.0,10.0,26622.0
42,01-2020,All Sexes,South Carolina,12316.0,11959.0,203.0,137627.0
43,01-2020,All Sexes,South Dakota,3445.0,2507.0,12.0,22357.0
44,01-2020,All Sexes,Tennessee,17259.0,20408.0,411.0,203310.0
45,01-2020,All Sexes,Texas,76255.0,71438.0,1133.0,582560.0
46,01-2020,All Sexes,United States,845428.0,776248.0,20786.0,7657799.0
47,01-2020,All Sexes,Utah,3477.0,3533.0,51.0,50301.0
48,01-2020,All Sexes,Vermont,225.0,437.0,0.0,13486.0
49,01-2020,All Sexes,Virginia,13173.0,11833.0,223.0,179463.0
50,01-2020,All Sexes,Washington,7827.0,10949.0,250.0,141486.0
51,01-2020,All Sexes,West Virginia,3201.0,4692.0,66.0,58377.0
52,01-2020,All Sexes,Wisconsin,13182.0,9320.0,273.0,138674.0
53,01-2020,All Sexes,Wyoming,862.0,763.0,0.0,12280.0
54,01-2020,Female,Alabama,6724.0,5084.0,41.0,67620.0
55,01-2020,Female,Alaska,133.0,116.0,0.0,4549.0
56,01-2020,Female,Arizona,8285.0,8259.0,60.0,76567.0
57,01-2020,Female,Arkansas,4054.0,3822.0,43.0,40205.0
58,01-2020,Female,California,30260.0,34337.0,842.0,325371.0
59,01-2020,Female,Colorado,4581.0,4034.0,74.0,48983.0
60,01-2020,Female,Connecticut,6552.0,3041.0,44.0,40796.0
61,01-2020,Female,Delaware,1031.0,713.0,0.0,11309.0
62,01-2020,Female,District of Columbia,757.0,1030.0,0.0,7342.0
63,01-2020,Female,Florida,20080.0,23438.0,350.0,247015.0
64,01-2020,Female,Georgia,10555.0,9455.0,130.0,111480.0
65,01-2020,Female,Hawaii,178.0,508.0,0.0,11643.0
66,01-2020,Female,Idaho,1228.0,840.0,0.0,16416.0
67,01-2020,Female,Illinois,16244.0,13846.0,167.0,135922.0
68,01-2020,Female,Indiana,9924.0,8743.0,106.0,84506.0
69,01-2020,Female,Iowa,4639.0,3097.0,68.0,37464.0
70,01-2020,Female,Kansas,3262.0,2626.0,63.0,32213.0
71,01-2020,Female,Kentucky,4897.0,5878.0,67.0,59464.0
72,01-2020,Female,Louisiana,7068.0,5617.0,52.0,60145.0
73,01-2020,Female,Maine,377.0,731.0,0.0,15813.0
74,01-2020,Female,Maryland,6797.0,5701.0,60.0,64081.0
75,01-2020,Female,Massachusetts,10784.0,7359.0,132.0,74130.0
76,01-2020,Female,Michigan,11978.0,11061.0,249.0,122161.0
77,01-2020,Female,Minnesota,5693.0,4328.0,62.0,55084.0
78,01-2020,Female,Mississippi,5439.0,5019.0,21.0,42025.0
79,01-2020,Female,Missouri,8012.0,6416.0,125.0,80249.0
80,01-2020,Female,Montana,1074.0,687.0,0.0,11441.0
81,01-2020,Female,Nebraska,1875.0,1653.0,18.0,20258.0
82,01-2020,Female,Nevada,2722.0,3593.0,0.0,30335.0
83,01-2020,Female,New Hampshire,728.0,617.0,0.0,13801.0
84,01-2020,Female,New Jersey,17560.0,12494.0,81.0,101438.0
85,01-2020,Female,New Mexico,2697.0,2227.0,18.0,23478.0
86,01-2020,Female,New York,16098.0,14476.0,176.0,127676.0
87,01-2020,Female,New York City,19756.0,11836.0,812.0,84311.0
88,01-2020,Female,North Carolina,9001.0,9715.0,226.0,118238.0
89,01-2020,Female,North Dakota,1274.0,894.0,0.0,8542.0
90,01-2020,Female,Ohio,15159.0,12149.0,234.0,154298.0
91,01-2020,Female,Oklahoma,5060.0,4847.0,64.0,48754.0
92,01-2020,Female,Oregon,1406.0,1833.0,26.0,41398.0
93,01-2020,Female,Pennsylvania,19194.0,13241.0,301.0,167986.0
94,01-2020,Female,Puerto Rico,1336.0,4150.0,23.0,31286.0
95,01-2020,Female,Rhode Island,1921.0,1088.0,0.0,12787.0
96,01-2020,Female,South Carolina,5748.0,5333.0,78.0,63455.0
97,01-2020,Female,South Dakota,1533.0,903.0,0.0,9936.0
98,01-2020,Female,Tennessee,7587.0,8974.0,117.0,93403.0
99,01-2020,Female,Texas,31406.0,30405.0,494.0,261794.0
100,01-2020,Female,United States,378234.0,340949.0,9890.0,3552229.0
101,01-2020,Female,Utah,1253.0,1315.0,0.0,23146.0
102,01-2020,Female,Vermont,83.0,121.0,0.0,6088.0
103,01-2020,Female,Virginia,6149.0,5270.0,55.0,84862.0
104,01-2020,Female,Washington,3448.0,4750.0,66.0,65532.0
105,01-2020,Female,West Virginia,1496.0,2082.0,26.0,26421.0
106,01-2020,Female,Wisconsin,5974.0,3992.0,89.0,65477.0
107,01-2020,Female,Wyoming,400.0,299.0,0.0,5189.0
108,01-2020,Male,Alabama,7781.0,6111.0,77.0,77185.0
109,01-2020,Male,Alaska,179.0,167.0,0.0,6745.0
110,01-2020,Male,Arizona,12405.0,11952.0,73.0,98257.0
111,01-2020,Male,Arkansas,4311.0,4420.0,35.0,45694.0
112,01-2020,Male,California,45386.0,48015.0,884.0,400824.0
113,01-2020,Male,Colorado,5989.0,5601.0,64.0,59206.0
114,01-2020,Male,Connecticut,6446.0,3400.0,36.0,43299.0
115,01-2020,Male,Delaware,997.0,788.0,0.0,12772.0
116,01-2020,Male,District of Columbia,1185.0,1515.0,0.0,9921.0
117,01-2020,Male,Florida,27220.0,31784.0,410.0,298161.0
118,01-2020,Male,Georgia,12413.0,11618.0,92.0,126796.0
119,01-2020,Male,Hawaii,408.0,837.0,0.0,14670.0
120,01-2020,Male,Idaho,1749.0,1321.0,0.0,19839.0
121,01-2020,Male,Illinois,19914.0,17221.0,123.0,153314.0
122,01-2020,Male,Indiana,10623.0,10320.0,68.0,94180.0
123,01-2020,Male,Iowa,5197.0,3862.0,30.0,40780.0
124,01-2020,Male,Kansas,3890.0,3411.0,52.0,37006.0
125,01-2020,Male,Kentucky,4755.0,6864.0,59.0,68576.0
126,01-2020,Male,Louisiana,8293.0,6727.0,25.0,70759.0
127,01-2020,Male,Maine,338.0,1025.0,10.0,18453.0
128,01-2020,Male,Maryland,7628.0,6650.0,71.0,71103.0
129,01-2020,Male,Massachusetts,10329.0,8404.0,134.0,77910.0
130,01-2020,Male,Michigan,14475.0,13952.0,188.0,136959.0
131,01-2020,Male,Minnesota,6296.0,5096.0,67.0,60183.0
132,01-2020,Male,Mississippi,5770.0,5952.0,27.0,48326.0
133,01-2020,Male,Missouri,8942.0,7944.0,118.0,92120.0
134,01-2020,Male,Montana,1398.0,1176.0,11.0,14839.0
135,01-2020,Male,Nebraska,2556.0,2192.0,11.0,22947.0
136,01-2020,Male,Nevada,4900.0,5893.0,20.0,41164.0
137,01-2020,Male,New Hampshire,735.0,698.0,0.0,15585.0
138,01-2020,Male,New Jersey,22268.0,16315.0,89.0,111360.0
139,01-2020,Male,New Mexico,3471.0,3094.0,15.0,29552.0
140,01-2020,Male,New York,18622.0,17579.0,192.0,136128.0
141,01-2020,Male,New York City,30240.0,16693.0,1389.0,101823.0
142,01-2020,Male,North Carolina,9782.0,11112.0,204.0,131850.0
143,01-2020,Male,North Dakota,1622.0,1337.0,0.0,10545.0
144,01-2020,Male,Ohio,16628.0,15156.0,238.0,169615.0
145,01-2020,Male,Oklahoma,6087.0,6039.0,56.0,56542.0
146,01-2020,Male,Oregon,1684.0,2337.0,49.0,48068.0
147,01-2020,Male,Pennsylvania,19516.0,15660.0,244.0,179823.0
148,01-2020,Male,Puerto Rico,1979.0,5225.0,22.0,40182.0
149,01-2020,Male,Rhode Island,1799.0,1229.0,0.0,13447.0
150,01-2020,Male,South Carolina,6441.0,6445.0,65.0,74098.0
151,01-2020,Male,South Dakota,1793.0,1275.0,0.0,12052.0
152,01-2020,Male,Tennessee,9484.0,11194.0,151.0,109783.0
153,01-2020,Male,Texas,44680.0,40850.0,520.0,320758.0
154,01-2020,Male,United States,467194.0,435299.0,10896.0,4105570.0
155,01-2020,Male,Utah,2009.0,1917.0,34.0,27019.0
156,01-2020,Male,Vermont,71.0,143.0,0.0,6975.0
157,01-2020,Male,Virginia,6839.0,6378.0,68.0,94523.0
158,01-2020,Male,Washington,4209.0,6003.0,88.0,75863.0
159,01-2020,Male,West Virginia,1562.0,2461.0,30.0,31714.0
160,01-2020,Male,Wisconsin,6998.0,5201.0,124.0,73136.0
161,01-2020,Male,Wyoming,405.0,331.0,0.0,6696.0
162,01-2021,All Sexes,Alabama,22797.0,14562.0,0.0,155696.0
163,01-2021,All Sexes,Alaska,1732.0,1256.0,0.0,14360.0
164,01-2021,All Sexes,Arizona,32551.0,27472.0,11.0,188723.0
165,01-2021,All Sexes,Arkansas,12309.0,10819.0,0.0,92110.0
166,01-2021,All Sexes,California,112595.0,105250.0,27.0,763401.0
167,01-2021,All Sexes,Colorado,14182.0,12144.0,0.0,112769.0
168,01-2021,All Sexes,Connecticut,6834.0,5929.0,0.0,77109.0
169,01-2021,All Sexes,Delaware,2603.0,2376.0,0.0,25381.0
170,01-2021,All Sexes,District of Columbia,1399.0,1620.0,0.0,17096.0
171,01-2021,All Sexes,Florida,90274.0,89123.0,22.0,599710.0
172,01-2021,All Sexes,Georgia,40784.0,32294.0,12.0,261325.0
173,01-2021,All Sexes,Hawaii,1489.0,2268.0,0.0,28656.0
174,01-2021,All Sexes,Idaho,6170.0,4683.0,0.0,41170.0
175,01-2021,All Sexes,Illinois,26711.0,27212.0,0.0,274037.0
176,01-2021,All Sexes,Indiana,22726.0,21417.0,11.0,180776.0
177,01-2021,All Sexes,Iowa,7726.0,6527.0,0.0,75472.0
178,01-2021,All Sexes,Kansas,8519.0,6968.0,0.0,70044.0
179,01-2021,All Sexes,Kentucky,19922.0,19289.0,0.0,139535.0
180,01-2021,All Sexes,Louisiana,16209.0,13009.0,0.0,133956.0
181,01-2021,All Sexes,Maine,2996.0,2638.0,0.0,38080.0
182,01-2021,All Sexes,Maryland,13758.0,12606.0,0.0,130935.0
183,01-2021,All Sexes,Massachusetts,12085.0,12418.0,11.0,142395.0
184,01-2021,All Sexes,Michigan,34040.0,29529.0,12.0,262687.0
185,01-2021,All Sexes,Minnesota,11497.0,9738.0,0.0,115103.0
186,01-2021,All Sexes,Mississippi,13810.0,12484.0,0.0,93703.0
187,01-2021,All Sexes,Missouri,20476.0,17855.0,12.0,175124.0
188,01-2021,All Sexes,Montana,3879.0,3199.0,0.0,28756.0
189,01-2021,All Sexes,Nebraska,4204.0,4235.0,0.0,42681.0
190,01-2021,All Sexes,Nevada,13104.0,13608.0,0.0,78192.0
191,01-2021,All Sexes,New Hampshire,2408.0,2123.0,0.0,30703.0
192,01-2021,All Sexes,New Jersey,21553.0,19067.0,0.0,187272.0
193,01-2021,All Sexes,New Mexico,8648.0,7386.0,0.0,57305.0
194,01-2021,All Sexes,New York,32512.0,29218.0,0.0,258052.0
195,01-2021,All Sexes,New York City,20133.0,15266.0,0.0,145144.0
196,01-2021,All Sexes,North Carolina,35141.0,32666.0,0.0,272332.0
197,01-2021,All Sexes,North Dakota,1904.0,2156.0,0.0,18249.0
198,01-2021,All Sexes,Ohio,46299.0,38242.0,17.0,335433.0
199,01-2021,All Sexes,Oklahoma,18108.0,14884.0,14.0,113052.0
200,01-2021,All Sexes,Oregon,9378.0,7145.0,0.0,100955.0
201,01-2021,All Sexes,Pennsylvania,45746.0,36236.0,28.0,350166.0
202,01-2021,All Sexes,Puerto Rico,3638.0,9698.0,0.0,74052.0
203,01-2021,All Sexes,Rhode Island,2472.0,2086.0,0.0,25634.0
204,01-2021,All Sexes,South Carolina,21906.0,14721.0,0.0,147991.0
205,01-2021,All Sexes,South Dakota,1962.0,2206.0,0.0,21224.0
206,01-2021,All Sexes,Tennessee,31990.0,28446.0,43.0,221133.0
207,01-2021,All Sexes,Texas,116642.0,97215.0,164.0,630479.0
208,01-2021,All Sexes,United States,1069992.0,940330.0,2525.0,7910948.0
209,01-2021,All Sexes,Utah,6073.0,5085.0,0.0,53762.0
210,01-2021,All Sexes,Vermont,494.0,619.0,0.0,14612.0
211,01-2021,All Sexes,Virginia,21451.0,16978.0,10.0,192880.0
212,01-2021,All Sexes,Washington,14048.0,15417.0,0.0,155204.0
213,01-2021,All Sexes,West Virginia,8695.0,8459.0,0.0,65648.0
214,01-2021,All Sexes,Wisconsin,13508.0,10085.0,0.0,136017.0
215,01-2021,All Sexes,Wyoming,1920.0,1577.0,0.0,13408.0
216,01-2021,Female,Alabama,10360.0,6550.0,0.0,71845.0
217,01-2021,Female,Alaska,506.0,320.0,0.0,5450.0
218,01-2021,Female,Arizona,13067.0,11089.0,0.0,81683.0
219,01-2021,Female,Arkansas,5236.0,4569.0,0.0,41857.0
220,01-2021,Female,California,44380.0,42068.0,0.0,335866.0
221,01-2021,Female,Colorado,5667.0,4753.0,0.0,49642.0
222,01-2021,Female,Connecticut,2954.0,2620.0,0.0,36128.0
223,01-2021,Female,Delaware,1047.0,921.0,0.0,11260.0
224,01-2021,Female,District of Columbia,513.0,580.0,0.0,7095.0
225,01-2021,Female,Florida,38633.0,38095.0,14.0,268559.0
226,01-2021,Female,Georgia,18418.0,14505.0,0.0,121419.0
227,01-2021,Female,Hawaii,511.0,778.0,0.0,12615.0
228,01-2021,Female,Idaho,2316.0,1825.0,0.0,18388.0
229,01-2021,Female,Illinois,11352.0,11734.0,0.0,127094.0
230,01-2021,Female,Indiana,10087.0,9153.0,0.0,83797.0
231,01-2021,Female,Iowa,3225.0,2791.0,0.0,35196.0
232,01-2021,Female,Kansas,3553.0,2971.0,0.0,32473.0
233,01-2021,Female,Kentucky,8949.0,8763.0,0.0,64338.0
234,01-2021,Female,Louisiana,6987.0,5665.0,0.0,59373.0
235,01-2021,Female,Maine,1232.0,896.0,0.0,17165.0
236,01-2021,Female,Maryland,6155.0,5524.0,0.0,61449.0
237,01-2021,Female,Massachusetts,4989.0,5213.0,0.0,67302.0
238,01-2021,Female,Michigan,14692.0,12586.0,0.0,120889.0
239,01-2021,Female,Minnesota,4631.0,3966.0,0.0,52985.0
240,01-2021,Female,Mississippi,6377.0,5616.0,0.0,43092.0
241,01-2021,Female,Missouri,9001.0,7947.0,0.0,80054.0
242,01-2021,Female,Montana,1485.0,1097.0,0.0,12309.0
243,01-2021,Female,Nebraska,1536.0,1618.0,0.0,19510.0
244,01-2021,Female,Nevada,4835.0,5256.0,0.0,32574.0
245,01-2021,Female,New Hampshire,955.0,781.0,0.0,14157.0
246,01-2021,Female,New Jersey,9222.0,8222.0,0.0,89259.0
247,01-2021,Female,New Mexico,3359.0,2830.0,0.0,24259.0
248,01-2021,Female,New York,14858.0,12907.0,0.0,123150.0
249,01-2021,Female,New York City,8660.0,6743.0,0.0,67537.0
250,01-2021,Female,North Carolina,15799.0,14467.0,0.0,126524.0
251,01-2021,Female,North Dakota,609.0,729.0,0.0,7749.0
252,01-2021,Female,Ohio,20848.0,16867.0,0.0,156415.0
253,01-2021,Female,Oklahoma,7817.0,6467.0,0.0,51361.0
254,01-2021,Female,Oregon,3886.0,2902.0,0.0,45463.0
255,01-2021,Female,Pennsylvania,20329.0,15855.0,20.0,163964.0
256,01-2021,Female,Puerto Rico,1507.0,4255.0,0.0,32125.0
257,01-2021,Female,Rhode Island,1014.0,767.0,0.0,12257.0
258,01-2021,Female,South Carolina,9608.0,6341.0,0.0,67313.0
259,01-2021,Female,South Dakota,750.0,764.0,0.0,9388.0
260,01-2021,Female,Tennessee,14301.0,12593.0,0.0,101062.0
261,01-2021,Female,Texas,47890.0,40577.0,20.0,281678.0
262,01-2021,Female,United States,461282.0,404767.0,1227.0,3612036.0
263,01-2021,Female,Utah,2058.0,1672.0,0.0,24281.0
264,01-2021,Female,Vermont,145.0,156.0,0.0,6444.0
265,01-2021,Female,Virginia,9798.0,7570.0,0.0,90203.0
266,01-2021,Female,Washington,5541.0,5995.0,0.0,70606.0
267,01-2021,Female,West Virginia,3655.0,3554.0,0.0,29738.0
268,01-2021,Female,Wisconsin,5675.0,4259.0,0.0,62921.0
269,01-2021,Female,Wyoming,724.0,595.0,0.0,5644.0
270,01-2021,Male,Alabama,12239.0,7835.0,0.0,83722.0
271,01-2021,Male,Alaska,1008.0,712.0,0.0,8500.0
272,01-2021,Male,Arizona,19312.0,16192.0,0.0,106875.0
273,01-2021,Male,Arkansas,6766.0,6010.0,0.0,50152.0
274,01-2021,Male,California,68052.0,63023.0,0.0,427503.0
275,01-2021,Male,Colorado,8324.0,7171.0,0.0,63030.0
276,01-2021,Male,Connecticut,3609.0,3157.0,0.0,40671.0
277,01-2021,Male,Delaware,1281.0,1128.0,0.0,13753.0
278,01-2021,Male,District of Columbia,604.0,636.0,0.0,9532.0
279,01-2021,Male,Florida,51393.0,50847.0,0.0,331073.0
280,01-2021,Male,Georgia,22153.0,17585.0,0.0,139746.0
281,01-2021,Male,Hawaii,766.0,1069.0,0.0,15736.0
282,01-2021,Male,Idaho,3525.0,2587.0,0.0,22447.0
283,01-2021,Male,Illinois,15133.0,15227.0,0.0,146786.0
284,01-2021,Male,Indiana,12439.0,12041.0,0.0,96843.0
285,01-2021,Male,Iowa,4240.0,3553.0,0.0,40008.0
286,01-2021,Male,Kansas,4672.0,3752.0,0.0,37359.0
287,01-2021,Male,Kentucky,10733.0,10347.0,0.0,75129.0
288,01-2021,Male,Louisiana,8944.0,7099.0,0.0,74415.0
289,01-2021,Male,Maine,1472.0,1420.0,0.0,20688.0
290,01-2021,Male,Maryland,7343.0,6787.0,0.0,69440.0
291,01-2021,Male,Massachusetts,6810.0,7070.0,0.0,74928.0
292,01-2021,Male,Michigan,19159.0,16656.0,0.0,141619.0
293,01-2021,Male,Minnesota,6592.0,5628.0,0.0,62032.0
294,01-2021,Male,Mississippi,7226.0,6624.0,0.0,50518.0
295,01-2021,Male,Missouri,11309.0,9658.0,0.0,94889.0
296,01-2021,Male,Montana,2174.0,1683.0,0.0,16069.0
297,01-2021,Male,Nebraska,2367.0,2356.0,0.0,22796.0
298,01-2021,Male,Nevada,8008.0,8153.0,0.0,45444.0
299,01-2021,Male,New Hampshire,1219.0,1032.0,0.0,16233.0
300,01-2021,Male,New Jersey,12064.0,10621.0,0.0,97894.0
301,01-2021,Male,New Mexico,4924.0,4288.0,0.0,32890.0
302,01-2021,Male,New York,17410.0,16086.0,0.0,134816.0
303,01-2021,Male,New York City,11217.0,8297.0,0.0,77497.0
304,01-2021,Male,North Carolina,19108.0,17999.0,0.0,145649.0
305,01-2021,Male,North Dakota,1107.0,1085.0,0.0,10058.0
306,01-2021,Male,Ohio,25208.0,21162.0,12.0,178851.0
307,01-2021,Male,Oklahoma,10070.0,8115.0,0.0,61568.0
308,01-2021,Male,Oregon,5209.0,4031.0,0.0,55305.0
309,01-2021,Male,Pennsylvania,25195.0,20127.0,0.0,186057.0
310,01-2021,Male,Puerto Rico,1848.0,5220.0,0.0,41642.0
311,01-2021,Male,Rhode Island,1181.0,990.0,0.0,13058.0
312,01-2021,Male,South Carolina,12066.0,8205.0,0.0,80565.0
313,01-2021,Male,South Dakota,1022.0,1047.0,0.0,11405.0
314,01-2021,Male,Tennessee,17526.0,15670.0,13.0,119860.0
315,01-2021,Male,Texas,68585.0,56465.0,36.0,348801.0
316,01-2021,Male,United States,608710.0,535563.0,1298.0,4298912.0
317,01-2021,Male,Utah,3724.0,3012.0,0.0,29292.0
318,01-2021,Male,Vermont,194.0,237.0,0.0,7774.0
319,01-2021,Male,Virginia,11427.0,9162.0,0.0,102542.0
320,01-2021,Male,Washington,8322.0,9180.0,0.0,84515.0
321,01-2021,Male,West Virginia,4790.0,4755.0,0.0,35611.0
322,01-2021,Male,Wisconsin,7601.0,5687.0,0.0,73029.0
323,01-2021,Male,Wyoming,991.0,755.0,0.0,7296.0
324,01-2022,All Sexes,Alabama,6497.0,3925.0,11.0,44573.0
325,01-2022,All Sexes,Alaska,323.0,216.0,0.0,3200.0
326,01-2022,All Sexes,Arizona,8748.0,7195.0,12.0,56159.0
327,01-2022,All Sexes,Arkansas,3922.0,3241.0,0.0,27869.0
328,01-2022,All Sexes,California,29455.0,27622.0,17.0,222963.0
329,01-2022,All Sexes,Colorado,4376.0,3447.0,17.0,33942.0
330,01-2022,All Sexes,Connecticut,3181.0,2418.0,0.0,23644.0
331,01-2022,All Sexes,Delaware,1158.0,959.0,0.0,7894.0
332,01-2022,All Sexes,District of Columbia,594.0,573.0,0.0,4779.0
333,01-2022,All Sexes,Florida,20209.0,19563.0,50.0,173002.0
334,01-2022,All Sexes,Georgia,10392.0,7689.0,45.0,70328.0
335,01-2022,All Sexes,Hawaii,552.0,641.0,0.0,8652.0
336,01-2022,All Sexes,Idaho,1400.0,1065.0,0.0,11746.0
337,01-2022,All Sexes,Illinois,12830.0,10534.0,0.0,90453.0
338,01-2022,All Sexes,Indiana,8649.0,6970.0,34.0,50273.0
339,01-2022,All Sexes,Iowa,2795.0,2184.0,27.0,23154.0
340,01-2022,All Sexes,Kansas,3541.0,2519.0,22.0,23397.0
341,01-2022,All Sexes,Kentucky,7290.0,6042.0,11.0,38917.0
342,01-2022,All Sexes,Louisiana,4164.0,3028.0,0.0,33181.0
343,01-2022,All Sexes,Maine,1201.0,831.0,0.0,12143.0
344,01-2022,All Sexes,Maryland,5854.0,4433.0,0.0,41140.0
345,01-2022,All Sexes,Massachusetts,5292.0,4342.0,15.0,45908.0
346,01-2022,All Sexes,Michigan,10399.0,8239.0,35.0,77485.0
347,01-2022,All Sexes,Minnesota,3858.0,2950.0,30.0,34360.0
348,01-2022,All Sexes,Mississippi,4666.0,3439.0,0.0,27525.0
349,01-2022,All Sexes,Missouri,7989.0,6331.0,36.0,52053.0
350,01-2022,All Sexes,Montana,874.0,747.0,0.0,7810.0
351,01-2022,All Sexes,Nebraska,1576.0,1316.0,0.0,12116.0
352,01-2022,All Sexes,Nevada,4032.0,4035.0,0.0,23641.0
353,01-2022,All Sexes,New Hampshire,897.0,824.0,0.0,10149.0
354,01-2022,All Sexes,New Jersey,9141.0,6587.0,0.0,61013.0
355,01-2022,All Sexes,New Mexico,2675.0,2149.0,0.0,16007.0
356,01-2022,All Sexes,New York,10865.0,9163.0,33.0,81963.0
357,01-2022,All Sexes,New York City,7885.0,5073.0,0.0,47261.0
358,01-2022,All Sexes,North Carolina,9757.0,7748.0,12.0,65033.0
359,01-2022,All Sexes,North Dakota,609.0,595.0,12.0,4904.0
360,01-2022,All Sexes,Ohio,17252.0,12708.0,41.0,100435.0
361,01-2022,All Sexes,Oklahoma,6472.0,5129.0,46.0,34625.0
362,01-2022,All Sexes,Oregon,3022.0,2070.0,0.0,28518.0
363,01-2022,All Sexes,Pennsylvania,15836.0,11542.0,85.0,109322.0
364,01-2022,All Sexes,Puerto Rico,1892.0,3668.0,0.0,22788.0
365,01-2022,All Sexes,Rhode Island,957.0,657.0,0.0,7898.0
366,01-2022,All Sexes,South Carolina,5878.0,4333.0,10.0,40629.0
367,01-2022,All Sexes,South Dakota,760.0,642.0,0.0,5860.0
368,01-2022,All Sexes,Tennessee,10188.0,8232.0,49.0,66157.0
369,01-2022,All Sexes,Texas,28435.0,23343.0,149.0,179026.0
370,01-2022,All Sexes,United States,333107.0,268946.0,2847.0,2333664.0
371,01-2022,All Sexes,Utah,1733.0,1310.0,0.0,16390.0
372,01-2022,All Sexes,Vermont,297.0,236.0,0.0,4173.0
373,01-2022,All Sexes,Virginia,8104.0,5606.0,12.0,58390.0
374,01-2022,All Sexes,Washington,4796.0,4567.0,0.0,45332.0
375,01-2022,All Sexes,West Virginia,3032.0,2889.0,0.0,19566.0
376,01-2022,All Sexes,Wisconsin,5086.0,3195.0,13.0,42647.0
377,01-2022,All Sexes,Wyoming,320.0,297.0,0.0,3685.0
378,01-2022,Female,Alabama,2825.0,1692.0,0.0,20965.0
379,01-2022,Female,Alaska,95.0,52.0,0.0,1364.0
380,01-2022,Female,Arizona,3539.0,2968.0,0.0,24571.0
381,01-2022,Female,Arkansas,1739.0,1421.0,0.0,12861.0
382,01-2022,Female,California,11969.0,11578.0,0.0,100338.0
383,01-2022,Female,Colorado,1728.0,1318.0,14.0,15068.0
384,01-2022,Female,Connecticut,1304.0,1014.0,0.0,11277.0
385,01-2022,Female,Delaware,448.0,392.0,0.0,3692.0
386,01-2022,Female,District of Columbia,205.0,205.0,0.0,2023.0
387,01-2022,Female,Florida,8542.0,8266.0,11.0,78532.0
388,01-2022,Female,Georgia,4577.0,3355.0,13.0,33002.0
389,01-2022,Female,Hawaii,159.0,186.0,0.0,3760.0
390,01-2022,Female,Idaho,539.0,455.0,0.0,5301.0
391,01-2022,Female,Illinois,5542.0,4563.0,0.0,42079.0
392,01-2022,Female,Indiana,3808.0,3053.0,15.0,23458.0
393,01-2022,Female,Iowa,1160.0,980.0,10.0,11112.0
394,01-2022,Female,Kansas,1457.0,1019.0,0.0,11044.0
395,01-2022,Female,Kentucky,3331.0,2692.0,0.0,18139.0
396,01-2022,Female,Louisiana,1846.0,1378.0,0.0,15470.0
397,01-2022,Female,Maine,488.0,256.0,0.0,5600.0
398,01-2022,Female,Maryland,2689.0,2021.0,0.0,19697.0
399,01-2022,Female,Massachusetts,2389.0,1865.0,0.0,22252.0
400,01-2022,Female,Michigan,4660.0,3647.0,0.0,36351.0
401,01-2022,Female,Minnesota,1575.0,1236.0,0.0,16393.0
402,01-2022,Female,Mississippi,2218.0,1522.0,0.0,13012.0
403,01-2022,Female,Missouri,3494.0,2728.0,14.0,24570.0
404,01-2022,Female,Montana,377.0,230.0,0.0,3499.0
405,01-2022,Female,Nebraska,653.0,537.0,0.0,5706.0
406,01-2022,Female,Nevada,1638.0,1659.0,0.0,9972.0
407,01-2022,Female,New Hampshire,351.0,307.0,0.0,4750.0
408,01-2022,Female,New Jersey,4082.0,2893.0,0.0,29203.0
409,01-2022,Female,New Mexico,1081.0,832.0,0.0,7092.0
410,01-2022,Female,New York,5016.0,4094.0,0.0,39221.0
411,01-2022,Female,New York City,3715.0,2260.0,0.0,21876.0
412,01-2022,Female,North Carolina,4500.0,3517.0,0.0,30232.0
413,01-2022,Female,North Dakota,213.0,189.0,0.0,2107.0
414,01-2022,Female,Ohio,7760.0,5655.0,11.0,47188.0
415,01-2022,Female,Oklahoma,2799.0,2217.0,14.0,16175.0
416,01-2022,Female,Oregon,1177.0,809.0,0.0,12955.0
417,01-2022,Female,Pennsylvania,7100.0,5065.0,28.0,52204.0
418,01-2022,Female,Puerto Rico,763.0,1578.0,0.0,9730.0
419,01-2022,Female,Rhode Island,414.0,280.0,0.0,3715.0
420,01-2022,Female,South Carolina,2576.0,1855.0,0.0,18733.0
421,01-2022,Female,South Dakota,273.0,250.0,0.0,2678.0
422,01-2022,Female,Tennessee,4647.0,3762.0,23.0,30213.0
423,01-2022,Female,Texas,11919.0,9835.0,66.0,81403.0
424,01-2022,Female,United States,146085.0,117185.0,1600.0,1082095.0
425,01-2022,Female,Utah,568.0,487.0,0.0,7496.0
426,01-2022,Female,Vermont,73.0,74.0,0.0,1926.0
427,01-2022,Female,Virginia,3542.0,2401.0,0.0,27340.0
428,01-2022,Female,Washington,2004.0,1894.0,0.0,20668.0
429,01-2022,Female,West Virginia,1424.0,1331.0,0.0,9056.0
430,01-2022,Female,Wisconsin,2219.0,1328.0,0.0,19911.0
431,01-2022,Female,Wyoming,102.0,70.0,0.0,1560.0
432,01-2022,Male,Alabama,3570.0,2169.0,0.0,23545.0
433,01-2022,Male,Alaska,159.0,103.0,0.0,1768.0
434,01-2022,Male,Arizona,5120.0,4151.0,0.0,31541.0
435,01-2022,Male,Arkansas,2144.0,1777.0,0.0,14939.0
436,01-2022,Male,California,17404.0,15976.0,14.0,122601.0
437,01-2022,Male,Colorado,2593.0,2075.0,0.0,18832.0
438,01-2022,Male,Connecticut,1784.0,1326.0,0.0,12280.0
439,01-2022,Male,Delaware,614.0,478.0,0.0,4091.0
440,01-2022,Male,District of Columbia,354.0,285.0,0.0,2597.0
441,01-2022,Male,Florida,11599.0,11244.0,12.0,94423.0
442,01-2022,Male,Georgia,5729.0,4275.0,11.0,37274.0
443,01-2022,Male,Hawaii,349.0,386.0,0.0,4782.0
444,01-2022,Male,Idaho,779.0,562.0,0.0,6339.0
445,01-2022,Male,Illinois,7245.0,5916.0,0.0,48314.0
446,01-2022,Male,Indiana,4773.0,3847.0,0.0,26788.0
447,01-2022,Male,Iowa,1534.0,1158.0,0.0,11948.0
448,01-2022,Male,Kansas,2012.0,1435.0,0.0,12306.0
449,01-2022,Male,Kentucky,3834.0,3323.0,0.0,20737.0
450,01-2022,Male,Louisiana,2245.0,1605.0,0.0,17637.0
451,01-2022,Male,Maine,611.0,496.0,0.0,6440.0
452,01-2022,Male,Maryland,3083.0,2341.0,0.0,21407.0
453,01-2022,Male,Massachusetts,2801.0,2417.0,0.0,23574.0
454,01-2022,Male,Michigan,5665.0,4525.0,0.0,41072.0
455,01-2022,Male,Minnesota,2183.0,1668.0,12.0,17904.0
456,01-2022,Male,Mississippi,2394.0,1847.0,0.0,14433.0
457,01-2022,Male,Missouri,4390.0,3542.0,11.0,27415.0
458,01-2022,Male,Montana,477.0,428.0,0.0,4214.0
459,01-2022,Male,Nebraska,840.0,753.0,0.0,6245.0
460,01-2022,Male,Nevada,2354.0,2320.0,0.0,13613.0
461,01-2022,Male,New Hampshire,484.0,427.0,0.0,5336.0
462,01-2022,Male,New Jersey,5007.0,3642.0,0.0,31774.0
463,01-2022,Male,New Mexico,1504.0,1245.0,0.0,8868.0
464,01-2022,Male,New York,5796.0,5022.0,0.0,42732.0
465,01-2022,Male,New York City,4101.0,2762.0,0.0,25322.0
466,01-2022,Male,North Carolina,5210.0,4152.0,0.0,34765.0
467,01-2022,Male,North Dakota,319.0,331.0,0.0,2692.0
468,01-2022,Male,Ohio,9435.0,7015.0,10.0,53192.0
469,01-2022,Male,Oklahoma,3563.0,2824.0,11.0,18391.0
470,01-2022,Male,Oregon,1743.0,1179.0,0.0,15493.0
471,01-2022,Male,Pennsylvania,8668.0,6434.0,13.0,57059.0
472,01-2022,Male,Puerto Rico,1037.0,2017.0,0.0,12940.0
473,01-2022,Male,Rhode Island,497.0,311.0,0.0,4100.0
474,01-2022,Male,South Carolina,3201.0,2388.0,0.0,21872.0
475,01-2022,Male,South Dakota,419.0,301.0,0.0,3038.0
476,01-2022,Male,Tennessee,5481.0,4393.0,0.0,35911.0
477,01-2022,Male,Texas,16479.0,13457.0,41.0,97616.0
478,01-2022,Male,United States,187022.0,151761.0,1247.0,1251569.0
479,01-2022,Male,Utah,1068.0,782.0,0.0,8814.0
480,01-2022,Male,Vermont,147.0,100.0,0.0,2189.0
481,01-2022,Male,Virginia,4471.0,3109.0,0.0,31025.0
482,01-2022,Male,Washington,2726.0,2624.0,0.0,24625.0
483,01-2022,Male,West Virginia,1513.0,1490.0,0.0,10431.0
484,01-2022,Male,Wisconsin,2840.0,1796.0,0.0,22706.0
485,01-2022,Male,Wyoming,145.0,127.0,0.0,1982.0
